<?xml version="1.0" encoding="UTF-8"?>
<schemalist gettext-domain="gnome-shell-extension-pwcalc">
  <schema path="/org/gnome/shell/extensions/pwcalc/" id="org.gnome.shell.extensions.pwcalc">
    <key type="s" name="recenturls">
      <default>''</default>
      <summary>Recent URLs</summary>
    </key>
    <key type="b" name="show-copy-notification">
      <default>true</default>
      <summary>Show Copy Notification</summary>
    </key>
    <key type="b" name="copy-to-clipboard">
      <default>true</default>
      <summary>Copy to Clipboard</summary>
    </key>
    <key type="b" name="copy-to-primary-selection">
      <default>false</default>
      <summary>Copy to Primary Selection</summary>
    </key>
    <key type="s" name="keep-copy-of-aliases-filename">
      <default>''</default>
      <summary>Filename to Keep Copy of Aliases</summary>
    </key>
    <key type="b" name="keep-copy-of-aliases-in-file">
      <default>false</default>
      <summary>Keep Copy of Aliases in File</summary>
    </key>
    <key type="i" name="default-password-length">
      <default>16</default>
      <summary>Default Password Length</summary>
    </key>
    <key type="s" name="password-method">
      <default>'__compat__'</default>
      <summary>Password Method</summary>
    </key>
    <key type="s" name="last-version">
      <default>'undefined'</default>
      <summary>Version of application that ran last.</summary>
    </key>
  </schema>
</schemalist>
